Industry,MAE,R2
Wheat Processing,0.009309388964905121,0.7986158734110564
Foodservice,0.0049146613334981985,0.5218194130174301
